Source,Target,Weight,Type
Balassi-Balint_A-Szentharomsagnak-eslo.txt-jav,Balassi-Balint_Aldj-meg-minket.txt-jav,5,undirected
Balassi-Balint_A-Szentharomsagnak-eslo.txt-jav,Balassi-Balint_Az-en-jo-Istenem.txt-jav,3,undirected
Balassi-Balint_A-Szentharomsagnak-eslo.txt-jav,Balassi-Balint_Bocsasd-meg-Uristen-1.txt-jav,1,undirected
Balassi-Balint_A-Szentharomsagnak-harmadik.txt-jav,Balassi-Balint_A-te-nagy-nevedert.txt-jav,5,undirected
Balassi-Balint_A-Szentharomsagnak-harmadik.txt-jav,Balassi-Balint_Aldj-meg-minket.txt-jav,1,undirected
Balassi-Balint_A-Szentharomsagnak-harmadik.txt-jav,Balassi-Balint_Aldott-szep-punkosdnek.txt-jav,2,undirected
Balassi-Balint_A-Szentharomsagnak-harmadik.txt-jav,Balassi-Balint_Amely-keresztyen.txt-jav,2,undirected
Balassi-Balint_A-Szentharomsagnak-harmadik.txt-jav,Balassi-Balint_Bocsasd-meg-Uristen-1.txt-jav,1,undirected
Balassi-Balint_A-Szentharomsagnak-harmadik.txt-jav,Balassi-Balint_Csak-bubanat-immar.txt-jav,2,undirected
Balassi-Balint_A-Szentharomsagnak-kinek.txt-jav,Balassi-Balint_A-te-nagy-nevedert.txt-jav,2,undirected
Balassi-Balint_A-Szentharomsagnak-kinek.txt-jav,Balassi-Balint_A-Zsuzsanna-egy-szep-nemet.txt-jav,1,undirected
Balassi-Balint_A-Szentharomsagnak-kinek.txt-jav,Balassi-Balint_Bocsasd-meg-Uristen-1.txt-jav,3,undirected
Balassi-Balint_A-Szentharomsagnak-kinek.txt-jav,Balassi-Balint_Csak-bubanat-immar.txt-jav,1,undirected
Balassi-Balint_A-te-nagy-nevedert.txt-jav,Balassi-Balint_A-Szentharomsagnak-harmadik.txt-jav,5,undirected
Balassi-Balint_A-te-nagy-nevedert.txt-jav,Balassi-Balint_A-Szentharomsagnak-kinek.txt-jav,2,undirected
Balassi-Balint_A-te-nagy-nevedert.txt-jav,Balassi-Balint_Adj-mar-csendesseget.txt-jav,3,undirected
Balassi-Balint_A-te-nagy-nevedert.txt-jav,Balassi-Balint_Aldott-Julia.txt-jav,1,undirected
Balassi-Balint_A-te-nagy-nevedert.txt-jav,Balassi-Balint_Csak-bubanat-immar.txt-jav,6,undirected
Balassi-Balint_A-Zsuzsanna-egy-szep-nemet.txt-jav,Balassi-Balint_A-Szentharomsagnak-kinek.txt-jav,1,undirected
Balassi-Balint_A-Zsuzsanna-egy-szep-nemet.txt-jav,Balassi-Balint_Aldott-Julia.txt-jav,3,undirected
Balassi-Balint_A-Zsuzsanna-egy-szep-nemet.txt-jav,Toth-Istvan_Diarium-11.txt-jav,2,undirected
Balassi-Balint_Adj-mar-csendesseget.txt-jav,Balassi-Balint_A-te-nagy-nevedert.txt-jav,3,undirected
Balassi-Balint_Adj-mar-csendesseget.txt-jav,Balassi-Balint_Bocsasd-meg-Uristen-1.txt-jav,2,undirected
Balassi-Balint_Adj-mar-csendesseget.txt-jav,Balassi-Balint_Bocsasd-meg-Uristen-2.txt-jav,1,undirected
Balassi-Balint_Aldj-meg-minket.txt-jav,Balassi-Balint_A-Szentharomsagnak-eslo.txt-jav,5,undirected
Balassi-Balint_Aldj-meg-minket.txt-jav,Balassi-Balint_A-Szentharomsagnak-harmadik.txt-jav,1,undirected
Balassi-Balint_Aldj-meg-minket.txt-jav,Balassi-Balint_Bocsasd-meg-Uristen-1.txt-jav,2,undirected
Balassi-Balint_Aldott-Julia.txt-jav,Balassi-Balint_A-te-nagy-nevedert.txt-jav,1,undirected
Balassi-Balint_Aldott-Julia.txt-jav,Balassi-Balint_A-Zsuzsanna-egy-szep-nemet.txt-jav,3,undirected
Balassi-Balint_Aldott-Julia.txt-jav,Balassi-Balint_Csak-bubanat-immar.txt-jav,2,undirected
Balassi-Balint_Aldott-Julia.txt-jav,Gergei-Albert_Argirus-historiaja-1.txt-jav,3,undirected
Balassi-Balint_Aldott-Julia.txt-jav,Toth-Istvan_Diarium-8.txt-jav,1,undirected
Balassi-Balint_Aldott-szep-punkosdnek.txt-jav,Balassi-Balint_A-Szentharomsagnak-harmadik.txt-jav,2,undirected
Balassi-Balint_Aldott-szep-punkosdnek.txt-jav,Balassi-Balint_Cupido-szivemben.txt-jav,1,undirected
Balassi-Balint_Aldott-szep-punkosdnek.txt-jav,Gergei-Albert_Argirus-historiaja-3.txt-jav,3,undirected
Balassi-Balint_Amely-keresztyen.txt-jav,Balassi-Balint_A-Szentharomsagnak-harmadik.txt-jav,2,undirected
Balassi-Balint_Amely-keresztyen.txt-jav,Balassi-Balint_Az-en-jo-Istenem.txt-jav,3,undirected
Balassi-Balint_Amely-keresztyen.txt-jav,Balassi-Balint_Az-en-szerelmesem.txt-jav,1,undirected
Balassi-Balint_Az-en-jo-Istenem.txt-jav,Balassi-Balint_A-Szentharomsagnak-eslo.txt-jav,3,undirected
Balassi-Balint_Az-en-jo-Istenem.txt-jav,Balassi-Balint_Amely-keresztyen.txt-jav,3,undirected
Balassi-Balint_Az-en-jo-Istenem.txt-jav,Balassi-Balint_Az-en-szerelmesem.txt-jav,2,undirected
Balassi-Balint_Az-en-jo-Istenem.txt-jav,Balassi-Balint_Beteges-lelkem.txt-jav,1,undirected
Balassi-Balint_Az-en-jo-Istenem.txt-jav,Balassi-Balint_Bizonnyal-ismerem-rajtam-most-erejet.txt-jav,2,undirected
Balassi-Balint_Az-en-jo-Istenem.txt-jav,Balassi-Balint_Bizonnyal-ismerem-rajtam-nagy-haragod.txt-jav,3,undirected
Balassi-Balint_Az-en-jo-Istenem.txt-jav,Balassi-Balint_Bocsasd-meg-Uristen-1.txt-jav,2,undirected
Balassi-Balint_Az-en-jo-Istenem.txt-jav,Balassi-Balint_Csokolvan-e-minap.txt-jav,2,undirected
Balassi-Balint_Az-en-jo-Istenem.txt-jav,Toth-Istvan_Diarium-10.txt-jav,3,undirected
Balassi-Balint_Az-en-szerelmesem.txt-jav,Balassi-Balint_Amely-keresztyen.txt-jav,1,undirected
Balassi-Balint_Az-en-szerelmesem.txt-jav,Balassi-Balint_Az-en-jo-Istenem.txt-jav,2,undirected
Balassi-Balint_Az-en-szerelmesem.txt-jav,Balassi-Balint_Bezzeg-nagy-bolondsag.txt-jav,1,undirected
Balassi-Balint_Az-en-szerelmesem.txt-jav,Balassi-Balint_Csak-bubanat-immar.txt-jav,5,undirected
Balassi-Balint_Az-en-szerelmesem.txt-jav,Balassi-Balint_Csodalvan-egy-furdot.txt-jav,2,undirected
Balassi-Balint_Az-en-szerelmesem.txt-jav,Gergei-Albert_Argirus-historiaja-2.txt-jav,4,undirected
Balassi-Balint_Beteges-lelkem.txt-jav,Balassi-Balint_Az-en-jo-Istenem.txt-jav,1,undirected
Balassi-Balint_Beteges-lelkem.txt-jav,Balassi-Balint_Bocsasd-meg-Uristen-1.txt-jav,5,undirected
Balassi-Balint_Beteges-lelkem.txt-jav,Balassi-Balint_Bocsasd-meg-Uristen-2.txt-jav,4,undirected
Balassi-Balint_Bezzeg-nagy-bolondsag.txt-jav,Balassi-Balint_Az-en-szerelmesem.txt-jav,1,undirected
Balassi-Balint_Bezzeg-nagy-bolondsag.txt-jav,Gergei-Albert_Argirus-historiaja-1.txt-jav,2,undirected
Balassi-Balint_Bezzeg-nagy-bolondsag.txt-jav,Gergei-Albert_Argirus-historiaja-2.txt-jav,3,undirected
Balassi-Balint_Bizonnyal-ismerem-rajtam-most-erejet.txt-jav,Balassi-Balint_Az-en-jo-Istenem.txt-jav,2,undirected
Balassi-Balint_Bizonnyal-ismerem-rajtam-most-erejet.txt-jav,Balassi-Balint_Csak-bubanat-immar.txt-jav,1,undirected
Balassi-Balint_Bizonnyal-ismerem-rajtam-most-erejet.txt-jav,Toth-Istvan_Diarium-10.txt-jav,3,undirected
Balassi-Balint_Bizonnyal-ismerem-rajtam-nagy-haragod.txt-jav,Balassi-Balint_Az-en-jo-Istenem.txt-jav,3,undirected
Balassi-Balint_Bizonnyal-ismerem-rajtam-nagy-haragod.txt-jav,Balassi-Balint_Bocsasd-meg-Uristen-1.txt-jav,2,undirected
Balassi-Balint_Bizonnyal-ismerem-rajtam-nagy-haragod.txt-jav,Balassi-Balint_Csokolvan-e-minap.txt-jav,1,undirected
Balassi-Balint_Bocsasd-meg-Uristen-1.txt-jav,Balassi-Balint_A-Szentharomsagnak-eslo.txt-jav,1,undirected
Balassi-Balint_Bocsasd-meg-Uristen-1.txt-jav,Balassi-Balint_A-Szentharomsagnak-harmadik.txt-jav,1,undirected
Balassi-Balint_Bocsasd-meg-Uristen-1.txt-jav,Balassi-Balint_A-Szentharomsagnak-kinek.txt-jav,3,undirected
Balassi-Balint_Bocsasd-meg-Uristen-1.txt-jav,Balassi-Balint_Adj-mar-csendesseget.txt-jav,2,undirected
Balassi-Balint_Bocsasd-meg-Uristen-1.txt-jav,Balassi-Balint_Aldj-meg-minket.txt-jav,2,undirected
Balassi-Balint_Bocsasd-meg-Uristen-1.txt-jav,Balassi-Balint_Az-en-jo-Istenem.txt-jav,2,undirected
Balassi-Balint_Bocsasd-meg-Uristen-1.txt-jav,Balassi-Balint_Beteges-lelkem.txt-jav,5,undirected
Balassi-Balint_Bocsasd-meg-Uristen-1.txt-jav,Balassi-Balint_Bizonnyal-ismerem-rajtam-nagy-haragod.txt-jav,2,undirected
Balassi-Balint_Bocsasd-meg-Uristen-1.txt-jav,Balassi-Balint_Bocsasd-meg-Uristen-2.txt-jav,6,undirected
Balassi-Balint_Bocsasd-meg-Uristen-1.txt-jav,Balassi-Balint_Cupido-szivemben.txt-jav,2,undirected
Balassi-Balint_Bocsasd-meg-Uristen-1.txt-jav,Balassi-Balint_Csokolvan-e-minap.txt-jav,1,undirected
Balassi-Balint_Bocsasd-meg-Uristen-1.txt-jav,Gergei-Albert_Argirus-historiaja-2.txt-jav,1,undirected
Balassi-Balint_Bocsasd-meg-Uristen-2.txt-jav,Balassi-Balint_Adj-mar-csendesseget.txt-jav,1,undirected
Balassi-Balint_Bocsasd-meg-Uristen-2.txt-jav,Balassi-Balint_Beteges-lelkem.txt-jav,4,undirected
Balassi-Balint_Bocsasd-meg-Uristen-2.txt-jav,Balassi-Balint_Bocsasd-meg-Uristen-1.txt-jav,6,undirected
Balassi-Balint_Bocsasd-meg-Uristen-2.txt-jav,Gergei-Albert_Argirus-historiaja-2.txt-jav,1,undirected
Balassi-Balint_Cupido-szivemben.txt-jav,Balassi-Balint_Aldott-szep-punkosdnek.txt-jav,1,undirected
Balassi-Balint_Cupido-szivemben.txt-jav,Balassi-Balint_Bocsasd-meg-Uristen-1.txt-jav,2,undirected
Balassi-Balint_Cupido-szivemben.txt-jav,Balassi-Balint_Csodalvan-egy-furdot.txt-jav,3,undirected
Balassi-Balint_Cupido-szivemben.txt-jav,Gergei-Albert_Argirus-historiaja-1.txt-jav,3,undirected
Balassi-Balint_Cupido-szivemben.txt-jav,Gergei-Albert_Argirus-historiaja-2.txt-jav,1,undirected
Balassi-Balint_Csak-bubanat-immar.txt-jav,Balassi-Balint_A-Szentharomsagnak-harmadik.txt-jav,2,undirected
Balassi-Balint_Csak-bubanat-immar.txt-jav,Balassi-Balint_A-Szentharomsagnak-kinek.txt-jav,1,undirected
Balassi-Balint_Csak-bubanat-immar.txt-jav,Balassi-Balint_A-te-nagy-nevedert.txt-jav,6,undirected
Balassi-Balint_Csak-bubanat-immar.txt-jav,Balassi-Balint_Aldott-Julia.txt-jav,2,undirected
Balassi-Balint_Csak-bubanat-immar.txt-jav,Balassi-Balint_Az-en-szerelmesem.txt-jav,5,undirected
Balassi-Balint_Csak-bubanat-immar.txt-jav,Balassi-Balint_Bizonnyal-ismerem-rajtam-most-erejet.txt-jav,1,undirected
Balassi-Balint_Csak-bubanat-immar.txt-jav,Balassi-Balint_Csokolvan-e-minap.txt-jav,4,undirected
Balassi-Balint_Csodalvan-egy-furdot.txt-jav,Balassi-Balint_Az-en-szerelmesem.txt-jav,2,undirected
Balassi-Balint_Csodalvan-egy-furdot.txt-jav,Balassi-Balint_Cupido-szivemben.txt-jav,3,undirected
Balassi-Balint_Csodalvan-egy-furdot.txt-jav,Gergei-Albert_Argirus-historiaja-2.txt-jav,1,undirected
Balassi-Balint_Csokolvan-e-minap.txt-jav,Balassi-Balint_Az-en-jo-Istenem.txt-jav,2,undirected
Balassi-Balint_Csokolvan-e-minap.txt-jav,Balassi-Balint_Bizonnyal-ismerem-rajtam-nagy-haragod.txt-jav,1,undirected
Balassi-Balint_Csokolvan-e-minap.txt-jav,Balassi-Balint_Bocsasd-meg-Uristen-1.txt-jav,1,undirected
Balassi-Balint_Csokolvan-e-minap.txt-jav,Balassi-Balint_Csak-bubanat-immar.txt-jav,4,undirected
Gergei-Albert_Argirus-historiaja-1.txt-jav,Balassi-Balint_Aldott-Julia.txt-jav,3,undirected
Gergei-Albert_Argirus-historiaja-1.txt-jav,Balassi-Balint_Bezzeg-nagy-bolondsag.txt-jav,2,undirected
Gergei-Albert_Argirus-historiaja-1.txt-jav,Balassi-Balint_Cupido-szivemben.txt-jav,3,undirected
Gergei-Albert_Argirus-historiaja-1.txt-jav,Gergei-Albert_Argirus-historiaja-2.txt-jav,6,undirected
Gergei-Albert_Argirus-historiaja-1.txt-jav,Gergei-Albert_Argirus-historiaja-3.txt-jav,5,undirected
Gergei-Albert_Argirus-historiaja-1.txt-jav,Toth-Istvan_Diarium-8.txt-jav,1,undirected
Gergei-Albert_Argirus-historiaja-2.txt-jav,Balassi-Balint_Az-en-szerelmesem.txt-jav,4,undirected
Gergei-Albert_Argirus-historiaja-2.txt-jav,Balassi-Balint_Bezzeg-nagy-bolondsag.txt-jav,3,undirected
Gergei-Albert_Argirus-historiaja-2.txt-jav,Balassi-Balint_Bocsasd-meg-Uristen-1.txt-jav,1,undirected
Gergei-Albert_Argirus-historiaja-2.txt-jav,Balassi-Balint_Bocsasd-meg-Uristen-2.txt-jav,1,undirected
Gergei-Albert_Argirus-historiaja-2.txt-jav,Balassi-Balint_Cupido-szivemben.txt-jav,1,undirected
Gergei-Albert_Argirus-historiaja-2.txt-jav,Balassi-Balint_Csodalvan-egy-furdot.txt-jav,1,undirected
Gergei-Albert_Argirus-historiaja-2.txt-jav,Gergei-Albert_Argirus-historiaja-1.txt-jav,6,undirected
Gergei-Albert_Argirus-historiaja-2.txt-jav,Gergei-Albert_Argirus-historiaja-3.txt-jav,2,undirected
Gergei-Albert_Argirus-historiaja-2.txt-jav,Toth-Istvan_Diarium-10.txt-jav,1,undirected
Gergei-Albert_Argirus-historiaja-3.txt-jav,Balassi-Balint_Aldott-szep-punkosdnek.txt-jav,3,undirected
Gergei-Albert_Argirus-historiaja-3.txt-jav,Gergei-Albert_Argirus-historiaja-1.txt-jav,5,undirected
Gergei-Albert_Argirus-historiaja-3.txt-jav,Gergei-Albert_Argirus-historiaja-2.txt-jav,2,undirected
Gergei-Albert_Argirus-historiaja-3.txt-jav,Toth-Istvan_Diarium-8.txt-jav,1,undirected
Toth-Istvan_Diarium-1.txt-jav,Toth-Istvan_Diarium-11.txt-jav,3,undirected
Toth-Istvan_Diarium-1.txt-jav,Toth-Istvan_Diarium-12.txt-jav,2,undirected
Toth-Istvan_Diarium-1.txt-jav,Toth-Istvan_Diarium-3.txt-jav,6,undirected
Toth-Istvan_Diarium-1.txt-jav,Toth-Istvan_Diarium-4.txt-jav,5,undirected
Toth-Istvan_Diarium-1.txt-jav,Toth-Istvan_Diarium-5.txt-jav,1,undirected
Toth-Istvan_Diarium-1.txt-jav,Toth-Istvan_Diarium-7.txt-jav,1,undirected
Toth-Istvan_Diarium-1.txt-jav,Toth-Istvan_Diarium-8.txt-jav,3,undirected
Toth-Istvan_Diarium-1.txt-jav,Toth-Istvan_Diarium-9.txt-jav,3,undirected
Toth-Istvan_Diarium-10.txt-jav,Balassi-Balint_Az-en-jo-Istenem.txt-jav,3,undirected
Toth-Istvan_Diarium-10.txt-jav,Balassi-Balint_Bizonnyal-ismerem-rajtam-most-erejet.txt-jav,3,undirected
Toth-Istvan_Diarium-10.txt-jav,Gergei-Albert_Argirus-historiaja-2.txt-jav,1,undirected
Toth-Istvan_Diarium-10.txt-jav,Toth-Istvan_Diarium-7.txt-jav,1,undirected
Toth-Istvan_Diarium-10.txt-jav,Toth-Istvan_Diarium-8.txt-jav,2,undirected
Toth-Istvan_Diarium-10.txt-jav,Toth-Istvan_Diarium-9.txt-jav,3,undirected
Toth-Istvan_Diarium-11.txt-jav,Balassi-Balint_A-Zsuzsanna-egy-szep-nemet.txt-jav,2,undirected
Toth-Istvan_Diarium-11.txt-jav,Toth-Istvan_Diarium-1.txt-jav,3,undirected
Toth-Istvan_Diarium-11.txt-jav,Toth-Istvan_Diarium-12.txt-jav,2,undirected
Toth-Istvan_Diarium-11.txt-jav,Toth-Istvan_Diarium-4.txt-jav,2,undirected
Toth-Istvan_Diarium-12.txt-jav,Toth-Istvan_Diarium-1.txt-jav,2,undirected
Toth-Istvan_Diarium-12.txt-jav,Toth-Istvan_Diarium-11.txt-jav,2,undirected
Toth-Istvan_Diarium-12.txt-jav,Toth-Istvan_Diarium-4.txt-jav,3,undirected
Toth-Istvan_Diarium-2.txt-jav,Toth-Istvan_Diarium-5.txt-jav,2,undirected
Toth-Istvan_Diarium-2.txt-jav,Toth-Istvan_Diarium-8.txt-jav,3,undirected
Toth-Istvan_Diarium-2.txt-jav,Toth-Istvan_Diarium-9.txt-jav,1,undirected
Toth-Istvan_Diarium-3.txt-jav,Toth-Istvan_Diarium-1.txt-jav,6,undirected
Toth-Istvan_Diarium-3.txt-jav,Toth-Istvan_Diarium-4.txt-jav,3,undirected
Toth-Istvan_Diarium-3.txt-jav,Toth-Istvan_Diarium-6.txt-jav,1,undirected
Toth-Istvan_Diarium-3.txt-jav,Toth-Istvan_Diarium-8.txt-jav,4,undirected
Toth-Istvan_Diarium-4.txt-jav,Toth-Istvan_Diarium-1.txt-jav,5,undirected
Toth-Istvan_Diarium-4.txt-jav,Toth-Istvan_Diarium-11.txt-jav,2,undirected
Toth-Istvan_Diarium-4.txt-jav,Toth-Istvan_Diarium-12.txt-jav,3,undirected
Toth-Istvan_Diarium-4.txt-jav,Toth-Istvan_Diarium-3.txt-jav,3,undirected
Toth-Istvan_Diarium-4.txt-jav,Toth-Istvan_Diarium-5.txt-jav,3,undirected
Toth-Istvan_Diarium-4.txt-jav,Toth-Istvan_Diarium-6.txt-jav,2,undirected
Toth-Istvan_Diarium-5.txt-jav,Toth-Istvan_Diarium-1.txt-jav,1,undirected
Toth-Istvan_Diarium-5.txt-jav,Toth-Istvan_Diarium-2.txt-jav,2,undirected
Toth-Istvan_Diarium-5.txt-jav,Toth-Istvan_Diarium-4.txt-jav,3,undirected
Toth-Istvan_Diarium-5.txt-jav,Toth-Istvan_Diarium-9.txt-jav,3,undirected
Toth-Istvan_Diarium-6.txt-jav,Toth-Istvan_Diarium-3.txt-jav,1,undirected
Toth-Istvan_Diarium-6.txt-jav,Toth-Istvan_Diarium-4.txt-jav,2,undirected
Toth-Istvan_Diarium-6.txt-jav,Toth-Istvan_Diarium-9.txt-jav,3,undirected
Toth-Istvan_Diarium-7.txt-jav,Toth-Istvan_Diarium-1.txt-jav,1,undirected
Toth-Istvan_Diarium-7.txt-jav,Toth-Istvan_Diarium-10.txt-jav,1,undirected
Toth-Istvan_Diarium-7.txt-jav,Toth-Istvan_Diarium-8.txt-jav,2,undirected
Toth-Istvan_Diarium-7.txt-jav,Toth-Istvan_Diarium-9.txt-jav,6,undirected
Toth-Istvan_Diarium-8.txt-jav,Balassi-Balint_Aldott-Julia.txt-jav,1,undirected
Toth-Istvan_Diarium-8.txt-jav,Gergei-Albert_Argirus-historiaja-1.txt-jav,1,undirected
Toth-Istvan_Diarium-8.txt-jav,Gergei-Albert_Argirus-historiaja-3.txt-jav,1,undirected
Toth-Istvan_Diarium-8.txt-jav,Toth-Istvan_Diarium-1.txt-jav,3,undirected
Toth-Istvan_Diarium-8.txt-jav,Toth-Istvan_Diarium-10.txt-jav,2,undirected
Toth-Istvan_Diarium-8.txt-jav,Toth-Istvan_Diarium-2.txt-jav,3,undirected
Toth-Istvan_Diarium-8.txt-jav,Toth-Istvan_Diarium-3.txt-jav,4,undirected
Toth-Istvan_Diarium-8.txt-jav,Toth-Istvan_Diarium-7.txt-jav,2,undirected
Toth-Istvan_Diarium-8.txt-jav,Toth-Istvan_Diarium-9.txt-jav,2,undirected
Toth-Istvan_Diarium-9.txt-jav,Toth-Istvan_Diarium-1.txt-jav,3,undirected
Toth-Istvan_Diarium-9.txt-jav,Toth-Istvan_Diarium-10.txt-jav,3,undirected
Toth-Istvan_Diarium-9.txt-jav,Toth-Istvan_Diarium-2.txt-jav,1,undirected
Toth-Istvan_Diarium-9.txt-jav,Toth-Istvan_Diarium-5.txt-jav,3,undirected
Toth-Istvan_Diarium-9.txt-jav,Toth-Istvan_Diarium-6.txt-jav,3,undirected
Toth-Istvan_Diarium-9.txt-jav,Toth-Istvan_Diarium-7.txt-jav,6,undirected
Toth-Istvan_Diarium-9.txt-jav,Toth-Istvan_Diarium-8.txt-jav,2,undirected
Zrinyi-Miklos_Arianna-sirasa.txt-jav,Zrinyi-Miklos_Obsidionis-Szigethianc-1.txt-jav,2,undirected
Zrinyi-Miklos_Arianna-sirasa.txt-jav,Zrinyi-Miklos_Obsidionis-Szigethianc-14.txt-jav,3,undirected
Zrinyi-Miklos_Arianna-sirasa.txt-jav,Zrinyi-Miklos_Orfeus-es-Euridice.txt-jav,4,undirected
Zrinyi-Miklos_Fantasia-poetica.txt-jav,Zrinyi-Miklos_Obsidionis-Szigethianc-1.txt-jav,2,undirected
Zrinyi-Miklos_Fantasia-poetica.txt-jav,Zrinyi-Miklos_Obsidionis-Szigethianc-12.txt-jav,1,undirected
Zrinyi-Miklos_Fantasia-poetica.txt-jav,Zrinyi-Miklos_Orfeus-es-Euridice.txt-jav,5,undirected
Zrinyi-Miklos_Obsidionis-Szigethianc-1.txt-jav,Zrinyi-Miklos_Arianna-sirasa.txt-jav,2,undirected
Zrinyi-Miklos_Obsidionis-Szigethianc-1.txt-jav,Zrinyi-Miklos_Fantasia-poetica.txt-jav,2,undirected
Zrinyi-Miklos_Obsidionis-Szigethianc-1.txt-jav,Zrinyi-Miklos_Obsidionis-Szigethianc-2.txt-jav,5,undirected
Zrinyi-Miklos_Obsidionis-Szigethianc-1.txt-jav,Zrinyi-Miklos_Obsidionis-Szigethianc-3.txt-jav,1,undirected
Zrinyi-Miklos_Obsidionis-Szigethianc-1.txt-jav,Zrinyi-Miklos_Obsidionis-Szigethianc-4.txt-jav,4,undirected
Zrinyi-Miklos_Obsidionis-Szigethianc-1.txt-jav,Zrinyi-Miklos_Obsidionis-Szigethianc-5.txt-jav,1,undirected
Zrinyi-Miklos_Obsidionis-Szigethianc-1.txt-jav,Zrinyi-Miklos_Obsidionis-Szigethianc-6.txt-jav,1,undirected
Zrinyi-Miklos_Obsidionis-Szigethianc-10.txt-jav,Zrinyi-Miklos_Obsidionis-Szigethianc-14.txt-jav,2,undirected
Zrinyi-Miklos_Obsidionis-Szigethianc-10.txt-jav,Zrinyi-Miklos_Obsidionis-Szigethianc-15.txt-jav,1,undirected
Zrinyi-Miklos_Obsidionis-Szigethianc-10.txt-jav,Zrinyi-Miklos_Obsidionis-Szigethianc-7.txt-jav,3,undirected
Zrinyi-Miklos_Obsidionis-Szigethianc-11.txt-jav,Zrinyi-Miklos_Obsidionis-Szigethianc-12.txt-jav,2,undirected
Zrinyi-Miklos_Obsidionis-Szigethianc-11.txt-jav,Zrinyi-Miklos_Obsidionis-Szigethianc-13.txt-jav,6,undirected
Zrinyi-Miklos_Obsidionis-Szigethianc-11.txt-jav,Zrinyi-Miklos_Obsidionis-Szigethianc-2.txt-jav,3,undirected
Zrinyi-Miklos_Obsidionis-Szigethianc-11.txt-jav,Zrinyi-Miklos_Obsidionis-Szigethianc-4.txt-jav,1,undirected
Zrinyi-Miklos_Obsidionis-Szigethianc-11.txt-jav,Zrinyi-Miklos_Obsidionis-Szigethianc-6.txt-jav,2,undirected
Zrinyi-Miklos_Obsidionis-Szigethianc-11.txt-jav,Zrinyi-Miklos_Obsidionis-Szigethianc-7.txt-jav,1,undirected
Zrinyi-Miklos_Obsidionis-Szigethianc-12.txt-jav,Zrinyi-Miklos_Fantasia-poetica.txt-jav,1,undirected
Zrinyi-Miklos_Obsidionis-Szigethianc-12.txt-jav,Zrinyi-Miklos_Obsidionis-Szigethianc-11.txt-jav,2,undirected
Zrinyi-Miklos_Obsidionis-Szigethianc-12.txt-jav,Zrinyi-Miklos_Obsidionis-Szigethianc-13.txt-jav,1,undirected
Zrinyi-Miklos_Obsidionis-Szigethianc-12.txt-jav,Zrinyi-Miklos_Obsidionis-Szigethianc-6.txt-jav,1,undirected
Zrinyi-Miklos_Obsidionis-Szigethianc-12.txt-jav,Zrinyi-Miklos_Obsidionis-Szigethianc-8.txt-jav,1,undirected
Zrinyi-Miklos_Obsidionis-Szigethianc-12.txt-jav,Zrinyi-Miklos_Obsidionis-Szigethianc-9.txt-jav,3,undirected
Zrinyi-Miklos_Obsidionis-Szigethianc-12.txt-jav,Zrinyi-Miklos_Orfeus-es-Euridice.txt-jav,1,undirected
Zrinyi-Miklos_Obsidionis-Szigethianc-13.txt-jav,Zrinyi-Miklos_Obsidionis-Szigethianc-11.txt-jav,6,undirected
Zrinyi-Miklos_Obsidionis-Szigethianc-13.txt-jav,Zrinyi-Miklos_Obsidionis-Szigethianc-12.txt-jav,1,undirected
Zrinyi-Miklos_Obsidionis-Szigethianc-13.txt-jav,Zrinyi-Miklos_Obsidionis-Szigethianc-9.txt-jav,2,undirected
Zrinyi-Miklos_Obsidionis-Szigethianc-14.txt-jav,Zrinyi-Miklos_Arianna-sirasa.txt-jav,3,undirected
Zrinyi-Miklos_Obsidionis-Szigethianc-14.txt-jav,Zrinyi-Miklos_Obsidionis-Szigethianc-10.txt-jav,2,undirected
Zrinyi-Miklos_Obsidionis-Szigethianc-14.txt-jav,Zrinyi-Miklos_Obsidionis-Szigethianc-15.txt-jav,6,undirected
Zrinyi-Miklos_Obsidionis-Szigethianc-14.txt-jav,Zrinyi-Miklos_Obsidionis-Szigethianc-7.txt-jav,3,undirected
Zrinyi-Miklos_Obsidionis-Szigethianc-14.txt-jav,Zrinyi-Miklos_Obsidionis-Szigethianc-9.txt-jav,4,undirected
Zrinyi-Miklos_Obsidionis-Szigethianc-15.txt-jav,Zrinyi-Miklos_Obsidionis-Szigethianc-10.txt-jav,1,undirected
Zrinyi-Miklos_Obsidionis-Szigethianc-15.txt-jav,Zrinyi-Miklos_Obsidionis-Szigethianc-14.txt-jav,6,undirected
Zrinyi-Miklos_Obsidionis-Szigethianc-15.txt-jav,Zrinyi-Miklos_Obsidionis-Szigethianc-7.txt-jav,1,undirected
Zrinyi-Miklos_Obsidionis-Szigethianc-15.txt-jav,Zrinyi-Miklos_Obsidionis-Szigethianc-9.txt-jav,2,undirected
Zrinyi-Miklos_Obsidionis-Szigethianc-2.txt-jav,Zrinyi-Miklos_Obsidionis-Szigethianc-1.txt-jav,5,undirected
Zrinyi-Miklos_Obsidionis-Szigethianc-2.txt-jav,Zrinyi-Miklos_Obsidionis-Szigethianc-11.txt-jav,3,undirected
Zrinyi-Miklos_Obsidionis-Szigethianc-2.txt-jav,Zrinyi-Miklos_Obsidionis-Szigethianc-5.txt-jav,2,undirected
Zrinyi-Miklos_Obsidionis-Szigethianc-2.txt-jav,Zrinyi-Miklos_Obsidionis-Szigethianc-6.txt-jav,5,undirected
Zrinyi-Miklos_Obsidionis-Szigethianc-3.txt-jav,Zrinyi-Miklos_Obsidionis-Szigethianc-1.txt-jav,1,undirected
Zrinyi-Miklos_Obsidionis-Szigethianc-3.txt-jav,Zrinyi-Miklos_Obsidionis-Szigethianc-6.txt-jav,2,undirected
Zrinyi-Miklos_Obsidionis-Szigethianc-3.txt-jav,Zrinyi-Miklos_Obsidionis-Szigethianc-9.txt-jav,6,undirected
Zrinyi-Miklos_Obsidionis-Szigethianc-4.txt-jav,Zrinyi-Miklos_Obsidionis-Szigethianc-1.txt-jav,4,undirected
Zrinyi-Miklos_Obsidionis-Szigethianc-4.txt-jav,Zrinyi-Miklos_Obsidionis-Szigethianc-11.txt-jav,1,undirected
Zrinyi-Miklos_Obsidionis-Szigethianc-4.txt-jav,Zrinyi-Miklos_Obsidionis-Szigethianc-9.txt-jav,4,undirected
Zrinyi-Miklos_Obsidionis-Szigethianc-5.txt-jav,Zrinyi-Miklos_Obsidionis-Szigethianc-1.txt-jav,1,undirected
Zrinyi-Miklos_Obsidionis-Szigethianc-5.txt-jav,Zrinyi-Miklos_Obsidionis-Szigethianc-2.txt-jav,2,undirected
Zrinyi-Miklos_Obsidionis-Szigethianc-5.txt-jav,Zrinyi-Miklos_Obsidionis-Szigethianc-8.txt-jav,6,undirected
Zrinyi-Miklos_Obsidionis-Szigethianc-6.txt-jav,Zrinyi-Miklos_Obsidionis-Szigethianc-1.txt-jav,1,undirected
Zrinyi-Miklos_Obsidionis-Szigethianc-6.txt-jav,Zrinyi-Miklos_Obsidionis-Szigethianc-11.txt-jav,2,undirected
Zrinyi-Miklos_Obsidionis-Szigethianc-6.txt-jav,Zrinyi-Miklos_Obsidionis-Szigethianc-12.txt-jav,1,undirected
Zrinyi-Miklos_Obsidionis-Szigethianc-6.txt-jav,Zrinyi-Miklos_Obsidionis-Szigethianc-2.txt-jav,5,undirected
Zrinyi-Miklos_Obsidionis-Szigethianc-6.txt-jav,Zrinyi-Miklos_Obsidionis-Szigethianc-3.txt-jav,2,undirected
Zrinyi-Miklos_Obsidionis-Szigethianc-6.txt-jav,Zrinyi-Miklos_Obsidionis-Szigethianc-7.txt-jav,6,undirected
Zrinyi-Miklos_Obsidionis-Szigethianc-7.txt-jav,Zrinyi-Miklos_Obsidionis-Szigethianc-10.txt-jav,3,undirected
Zrinyi-Miklos_Obsidionis-Szigethianc-7.txt-jav,Zrinyi-Miklos_Obsidionis-Szigethianc-11.txt-jav,1,undirected
Zrinyi-Miklos_Obsidionis-Szigethianc-7.txt-jav,Zrinyi-Miklos_Obsidionis-Szigethianc-14.txt-jav,3,undirected
Zrinyi-Miklos_Obsidionis-Szigethianc-7.txt-jav,Zrinyi-Miklos_Obsidionis-Szigethianc-15.txt-jav,1,undirected
Zrinyi-Miklos_Obsidionis-Szigethianc-7.txt-jav,Zrinyi-Miklos_Obsidionis-Szigethianc-6.txt-jav,6,undirected
Zrinyi-Miklos_Obsidionis-Szigethianc-8.txt-jav,Zrinyi-Miklos_Obsidionis-Szigethianc-12.txt-jav,1,undirected
Zrinyi-Miklos_Obsidionis-Szigethianc-8.txt-jav,Zrinyi-Miklos_Obsidionis-Szigethianc-5.txt-jav,6,undirected
Zrinyi-Miklos_Obsidionis-Szigethianc-8.txt-jav,Zrinyi-Miklos_Obsidionis-Szigethianc-9.txt-jav,2,undirected
Zrinyi-Miklos_Obsidionis-Szigethianc-9.txt-jav,Zrinyi-Miklos_Obsidionis-Szigethianc-12.txt-jav,3,undirected
Zrinyi-Miklos_Obsidionis-Szigethianc-9.txt-jav,Zrinyi-Miklos_Obsidionis-Szigethianc-13.txt-jav,2,undirected
Zrinyi-Miklos_Obsidionis-Szigethianc-9.txt-jav,Zrinyi-Miklos_Obsidionis-Szigethianc-14.txt-jav,4,undirected
Zrinyi-Miklos_Obsidionis-Szigethianc-9.txt-jav,Zrinyi-Miklos_Obsidionis-Szigethianc-15.txt-jav,2,undirected
Zrinyi-Miklos_Obsidionis-Szigethianc-9.txt-jav,Zrinyi-Miklos_Obsidionis-Szigethianc-3.txt-jav,6,undirected
Zrinyi-Miklos_Obsidionis-Szigethianc-9.txt-jav,Zrinyi-Miklos_Obsidionis-Szigethianc-4.txt-jav,4,undirected
Zrinyi-Miklos_Obsidionis-Szigethianc-9.txt-jav,Zrinyi-Miklos_Obsidionis-Szigethianc-8.txt-jav,2,undirected
Zrinyi-Miklos_Orfeus-es-Euridice.txt-jav,Zrinyi-Miklos_Arianna-sirasa.txt-jav,4,undirected
Zrinyi-Miklos_Orfeus-es-Euridice.txt-jav,Zrinyi-Miklos_Fantasia-poetica.txt-jav,5,undirected
Zrinyi-Miklos_Orfeus-es-Euridice.txt-jav,Zrinyi-Miklos_Obsidionis-Szigethianc-12.txt-jav,1,undirected
